1;anifire.player.components.GoPlayerPreloader_imgBarTrack
2;anifire.player.components.GoPlayerPreloader_imgBarFill
0;_player_mx_managers_SystemManager
4;mx.skins.cursor.BusyCursor
7;__brokenImage
8;anifire.player.assetTransitions.sound.TransitionSound_mySoundClass02
22;mcTrans
25;FlashEff2Flex
28;com.jumpeye.flashEff2.text.creation.FETCreation
31;com.jumpeye.flashEff2.text.elasticScale.FETElasticScale
32;com.jumpeye.flashEff2.symbol.sparkle.FESSparkle
33;com.jumpeye.flashEff2.text.fe3D.camXYZPivot.FET3DCamXYZPivot
36;com.jumpeye.flashEff2.text.magneticWind.FETMagneticWind
37;com.jumpeye.flashEff2.symbol.disc.FESDisc
38;com.jumpeye.flashEff2.symbol.mystery.FESMystery
43;com.jumpeye.flashEff2.text.centerScaleDissolve.FETCenterScaleDissolve
44;com.jumpeye.flashEff2.text.alpha.FETAlpha
45;com.jumpeye.flashEff2.text.slowSlide.FETSlowSlide
46;com.jumpeye.flashEff2.text.fe3D.camFocus.FET3DCamFocus
47;com.jumpeye.flashEff2.text.fe3D.camDepth.FET3DCamDepth
48;com.jumpeye.flashEff2.symbol.desertIllusion.FESDesertIllusion
49;com.jumpeye.flashEff2.text.glowingGroup.FETGlowingGroup
50;com.jumpeye.flashEff2.text.flip.FETFlip
51;com.jumpeye.flashEff2.text.bubbleScale.FETBubbleScale
52;com.jumpeye.flashEff2.text.lightBeam.FETLightBeam
53;com.jumpeye.flashEff2.text.bubbles.FETBubbles
54;com.jumpeye.flashEff2.text.wigiligi.FETWigiligi
55;com.jumpeye.flashEff2.text.lineBent.FETLineBent
56;com.jumpeye.flashEff2.text.wavesMask.FETWavesMask
57;com.jumpeye.flashEff2.text.spiral.FETSpiralNo2
61;com.jumpeye.flashEff2.text.industrial.FETIndustrial2
62;com.jumpeye.flashEff2.symbol.scale.FESScale
63;com.jumpeye.flashEff2.text.chaotic.FETChaotic
64;com.jumpeye.flashEff2.text.blur.FETBlurryLight
65;com.jumpeye.flashEff2.text.xyscale.FETXYScale
68;com.jumpeye.flashEff2.text.industrial.FETIndustrial
69;com.jumpeye.flashEff2.text.xyResolve.FETXYResolve
70;com.jumpeye.flashEff2.text.glow.FETGlow
71;com.jumpeye.flashEff2.symbol.intersectingStripes.FESIntersectingStripes
72;com.jumpeye.flashEff2.text.fallAndGlow.FETFallAndGlow
73;com.jumpeye.flashEff2.text.verticalStripes.FETVerticalStripes
74;com.jumpeye.flashEff2.text.fe3D.camXYZ.FET3DCamXYZ
75;com.jumpeye.flashEff2.text.slideBounce.FETSlideBounce
76;com.jumpeye.flashEff2.text.scrollSlide.FETScrollSlideBlur
77;com.jumpeye.flashEff2.text.blur.FETBlur
78;com.jumpeye.flashEff2.symbol.unpack.FESUnpack
79;com.jumpeye.flashEff2.text.jiggy.FETJiggy
80;com.jumpeye.flashEff2.text.dynamicCurve.FETDynamicCurve
81;com.jumpeye.flashEff2.text.wavingLines.FETWavingLines
82;com.jumpeye.flashEff2.text.scramble.FETScramble
83;com.jumpeye.flashEff2.symbol.brightSquares.FESBrightSquares
84;com.jumpeye.flashEff2.text.lineBurnAndFlow.FETLineBurnAndFlow
85;com.jumpeye.flashEff2.symbol.zoomBlur.FESZoomBlur
86;com.jumpeye.flashEff2.text.twilight.FETTwilight
89;com.jumpeye.flashEff2.text.fe3D.motion.FET3DMotion
90;com.jumpeye.flashEff2.text.slice.FETSlice
91;com.jumpeye.flashEff2.text.xyscaleBlur.FETXYScaleBlur
92;com.jumpeye.flashEff2.text.horizontalGrow.FETHorizontalGrow
93;com.jumpeye.flashEff2.text.glowAndBurn.FETGlowAndBurn
94;com.jumpeye.flashEff2.text.stationPanels.FETStationPanels
95;com.jumpeye.flashEff2.text.spiral.FETSpiral
96;com.jumpeye.flashEff2.symbol.stripes.FESLightStripes
97;com.jumpeye.flashEff2.text.fe3D.camMatrix.FET3DCamMatrix
98;com.jumpeye.flashEff2.text.emerge.FETEmerge
99;com.jumpeye.flashEff2.text.neonTubes.FETNeonTubes
100;com.jumpeye.flashEff2.text.scrollSlide.FETScrollSlideGlow
101;com.jumpeye.flashEff2.text.chasingWords.FETChasingWords
102;com.jumpeye.flashEff2.text.verticalDisolve.FETVerticalDisolve
103;com.jumpeye.flashEff2.text.smartSlide.FETSmartSlide
104;com.jumpeye.flashEff2.text.horizontalDisolve.FETHorizontalDisolve
105;com.jumpeye.flashEff2.symbol.badTransmission.FESBadTransmission
106;com.jumpeye.flashEff2.text.scrollSlide.FETScrollSlide
107;com.jumpeye.flashEff2.symbol.squareEffect.FESSquareExplode
108;com.jumpeye.flashEff2.text.spinningGenie.FETSpinningGenie
111;Grayscale
113;HoveringSymbol
115;UpsidedownSymbol
117;ZoomSymbol
119;PanSymbol
121;CutSymbol
122;Sepia
126;FadeinSymbol
128;FadeoutSymbol
130;EarthquakeSymbol
133;BumpyrideSymbol
135;FireworkSymbol
139;DoubleredalertSymbol
142;myDot
143;com.jumpeye.flashEff2.symbol.mystery.FESMystery_selfDisplace
144;com.jumpeye.flashEff2.text.lightBeam.FETLightBeam_lightBeam
145;com.jumpeye.flashEff2.symbol.zoomBlur.FESZoomBlur_zoomBlur
146;com.jumpeye.flashEff2.text.twilight.FETTwilight_lightBeam
88;boundingBox_mcPattern
154;myBeam
156;BoomSymbol
158;CloudSymbol
160;CloudTailSymbol
163;HeartSymbol
164;anifire.player.skins.PlayToggleButtonSkin__embed_mxml__styles_images_player_control_bar_btn_pause_init_png_1977212402
142;anifire.effect.FireSpring__effectGraphic
165;anifire.player.skins.FullScreenToggleButtonSkin__embed_mxml__styles_images_player_control_bar_btn_normalScreen_over_png_1718394706
52;com.jumpeye.flashEff2.text.lightBeam.FETLightBeam
166;anifire.effect.ZoomEffect_iconPurple
115;anifire.effect.UpsideDownEffect__myThumbnailSymbol
156;anifire.bubble.BoomBubble_boomSymbol
32;com.jumpeye.flashEff2.symbol.sparkle.FESSparkle
117;anifire.effect.ZoomEffect__myThumbnailSymbol
167;anifire.player.skins.MuteToggleButtonSkin__embed_mxml__styles_images_player_control_bar_btn_volume_init_png_523354080
168;anifire.player.skins.PlayToggleButtonSkin__embed_mxml__styles_images_player_control_bar_btn_pause_over_png_1784152718
65;com.jumpeye.flashEff2.text.xyscale.FETXYScale
166;anifire.player.components.PlayerWatermark__embed_mxml__styles_images_player_stage_watermark_fullScreen_swf_140049762
94;com.jumpeye.flashEff2.text.stationPanels.FETStationPanels
170;anifire.player.skins.PlayToggleButtonSkin__embed_mxml__styles_images_player_control_bar_btn_play_over_png_1109149740
86;com.jumpeye.flashEff2.text.twilight.FETTwilight
169;anifire.constant.SlideShowEmbedConstant_HORIZONTAL_PHOTO_FRAME_BYTES
172;anifire.player.assetTransitions.views.AssetHandDrawnTransitionView_ShaderKernel
171;anifire.player.components.PlayerWatermark__embed_mxml__styles_images_player_stage_watermark_logo_swf_2102363582_dataClass
166;anifire.player.assetTransitions.views.AssetPopSpriteTransitionView_RingsExitImage
43;com.jumpeye.flashEff2.text.centerScaleDissolve.FETCenterScaleDissolve
96;com.jumpeye.flashEff2.symbol.stripes.FESLightStripes
173;anifire.player.components.PlayerWatermark__embed_mxml__styles_images_player_stage_watermark_2lines_swf_1703712638_dataClass
174;anifire.player.playback.PlayerDataStock_embedCredit
79;com.jumpeye.flashEff2.text.jiggy.FETJiggy
143;com.jumpeye.flashEff2.symbol.mystery.FESMystery_selfDisplace
175;anifire.effect.ZoomEffect_iconBlue_dataClass
56;com.jumpeye.flashEff2.text.wavesMask.FETWavesMask
145;com.jumpeye.flashEff2.symbol.zoomBlur.FESZoomBlur_zoomBlur
88;boundingBox_mcPattern
128;anifire.effect.FadingEffect__myThumbnailSymbol_out
111;anifire.effect.GrayScaleEffect__myThumbnailSymbol
36;com.jumpeye.flashEff2.text.magneticWind.FETMagneticWind
102;com.jumpeye.flashEff2.text.verticalDisolve.FETVerticalDisolve
144;com.jumpeye.flashEff2.text.lightBeam.FETLightBeam_lightBeam
22;anifire.player.sceneTransitions.AnimateTransition_TransInfoSplit
176;anifire.component.CustomCharacterMaker_GoColorMapShaderClass
69;com.jumpeye.flashEff2.text.xyResolve.FETXYResolve
57;com.jumpeye.flashEff2.text.spiral.FETSpiralNo2
177;anifire.player.assetTransitions.views.AssetPopSpriteTransitionView_StarExitImage_dataClass
33;com.jumpeye.flashEff2.text.fe3D.camXYZPivot.FET3DCamXYZPivot
45;com.jumpeye.flashEff2.text.slowSlide.FETSlowSlide
166;anifire.player.assetTransitions.views.AssetPopSpriteTransitionView_DotsEnterImage
73;com.jumpeye.flashEff2.text.verticalStripes.FETVerticalStripes
68;com.jumpeye.flashEff2.text.industrial.FETIndustrial
62;com.jumpeye.flashEff2.symbol.scale.FESScale
83;com.jumpeye.flashEff2.symbol.brightSquares.FESBrightSquares
104;com.jumpeye.flashEff2.text.horizontalDisolve.FETHorizontalDisolve
166;anifire.player.components.PlayerWatermark__embed_mxml__styles_images_player_stage_watermark_logo_swf_2102363582
166;anifire.player.assetTransitions.views.AssetPopSpriteTransitionView_StarExitImage
178;anifire.player.assetTransitions.views.AssetPopSpriteTransitionView_DotsExitImage_dataClass
38;com.jumpeye.flashEff2.symbol.mystery.FESMystery
179;player__embed__font_LatoRegular_bold_normal_1543885270
8;anifire.player.assetTransitions.sound.TransitionSound_mySoundClass02
85;com.jumpeye.flashEff2.symbol.zoomBlur.FESZoomBlur
180;anifire.player.skins.FullScreenToggleButtonSkin__embed_mxml__styles_images_player_control_bar_btn_normalScreen_init_png_1734341330
53;com.jumpeye.flashEff2.text.bubbles.FETBubbles
55;com.jumpeye.flashEff2.text.lineBent.FETLineBent
166;anifire.player.assetTransitions.views.AssetPopSpriteTransitionView_RingsEnterImage
119;anifire.effect.ZoomEffect__myThumbnailSymbol_pan
181;anifire.player.skins.MuteToggleButtonSkin__embed_mxml__styles_images_player_control_bar_btn_mute_init_png_100524510
166;anifire.component.timeFrameSynchronizer__embed_mxml_timeFrameSynchronizer_24_swf_597725466
70;com.jumpeye.flashEff2.text.glow.FETGlow
182;anifire.effect.ZoomEffect_iconPurple_dataClass
51;com.jumpeye.flashEff2.text.bubbleScale.FETBubbleScale
133;anifire.effect.BumpyrideEffect__myThumbnailSymbol
37;com.jumpeye.flashEff2.symbol.disc.FESDisc
47;com.jumpeye.flashEff2.text.fe3D.camDepth.FET3DCamDepth
183;anifire.player.components.PlayerWatermark__embed_mxml__styles_images_player_stage_watermark_g4s_swf_1974057250_dataClass
106;com.jumpeye.flashEff2.text.scrollSlide.FETScrollSlide
229;anifire.player.sceneTransitions.AnimateTransition_TransInfoBlinds
74;com.jumpeye.flashEff2.text.fe3D.camXYZ.FET3DCamXYZ
230;anifire.player.components.BufferingScreen__embed_mxml__styles_images_player_loading_loading_swf_2139030116_dataClass
44;com.jumpeye.flashEff2.text.alpha.FETAlpha
130;anifire.effect.EarthquakeEffect__myThumbnailSymbol
64;com.jumpeye.flashEff2.text.blur.FETBlurryLight
82;com.jumpeye.flashEff2.text.scramble.FETScramble
121;anifire.effect.ZoomEffect__myThumbnailSymbol_cut
166;anifire.player.assetTransitions.views.AssetPopSpriteTransitionView_DotsExitImage
54;com.jumpeye.flashEff2.text.wigiligi.FETWigiligi
231;player__embed__font_LatoRegular_medium_normal_36925052
253;anifire.player.sceneTransitions.AnimateTransition_TransCleanHand
108;com.jumpeye.flashEff2.text.spinningGenie.FETSpinningGenie
135;anifire.effect.FireSpringEffect__myThumbnailSymbol
4;_class_embed_css_Assets_swf__547990506_mx_skins_cursor_BusyCursor_624195339
91;com.jumpeye.flashEff2.text.xyscaleBlur.FETXYScaleBlur
166;anifire.player.skins.BigPlayButtonSkin__embed_mxml__styles_images_player_stage_play_init_swf_1937767806
166;anifire.player.components.PlayerWatermark__embed_mxml__styles_images_player_stage_watermark_free_trial_swf_207218482
89;com.jumpeye.flashEff2.text.fe3D.motion.FET3DMotion
254;anifire.effect.AnimeEffect_DEFAULT_THUMBNAIL_dataClass
255;anifire.player.skins.FullScreenToggleButtonSkin__embed_mxml__styles_images_player_control_bar_btn_fullScreen_init_png_1340082846
31;com.jumpeye.flashEff2.text.elasticScale.FETElasticScale
107;com.jumpeye.flashEff2.symbol.squareEffect.FESSquareExplode
166;anifire.player.skins.BigReplayButtonSkin__embed_mxml__styles_images_player_end_screen_replay_init_swf_993355938
166;anifire.player.components.BufferingScreen__embed_mxml__styles_images_player_loading_loading_swf_2139030116
266;anifire.player.sceneTransitions.AnimateTransition_TransInfoIris
2;anifire.player.components.PlayerProgressBar__embed_mxml__styles_images_player_loading_loading_fill_png_40901168
25;FlashEff2Flex
267;anifire.player.assetTransitions.views.AssetPopSpriteTransitionView_StarEnterImage_dataClass
268;anifire.player.skins.BigPlayButtonSkin__embed_mxml__styles_images_player_stage_play_init_swf_1937767806_dataClass
75;com.jumpeye.flashEff2.text.slideBounce.FETSlideBounce
76;com.jumpeye.flashEff2.text.scrollSlide.FETScrollSlideBlur
166;anifire.player.assetTransitions.views.AssetPopSpriteTransitionView_StarEnterImage
270;anifire.player.skins.MuteToggleButtonSkin__embed_mxml__styles_images_player_control_bar_btn_volume_over_png_321155040
269;anifire.player.whiteboard.WhiteboardLoader_GenericMaskClass
7;_class_embed_css_Assets_swf__547990506___brokenImage_521866251
63;com.jumpeye.flashEff2.text.chaotic.FETChaotic
271;anifire.player.assetTransitions.views.AssetPopSpriteTransitionView_RingsExitImage_dataClass
103;com.jumpeye.flashEff2.text.smartSlide.FETSmartSlide
61;com.jumpeye.flashEff2.text.industrial.FETIndustrial2
135;anifire.effect.FireworkEffect__myThumbnailSymbol
122;anifire.effect.SepiaEffect__myThumbnailSymbol
99;com.jumpeye.flashEff2.text.neonTubes.FETNeonTubes
72;com.jumpeye.flashEff2.text.fallAndGlow.FETFallAndGlow
113;anifire.effect.HoveringEffect__myThumbnailSymbol
46;com.jumpeye.flashEff2.text.fe3D.camFocus.FET3DCamFocus
98;com.jumpeye.flashEff2.text.emerge.FETEmerge
160;anifire.bubble.CloudBubble_cloudTailSymbol
78;com.jumpeye.flashEff2.symbol.unpack.FESUnpack
166;anifire.effect.AnimeEffect_DEFAULT_THUMBNAIL
272;anifire.player.assetTransitions.views.AssetPopSpriteTransitionView_DotsEnterImage_dataClass
90;com.jumpeye.flashEff2.text.slice.FETSlice
93;com.jumpeye.flashEff2.text.glowAndBurn.FETGlowAndBurn
273;anifire.player.skins.FullScreenToggleButtonSkin__embed_mxml__styles_images_player_control_bar_btn_fullScreen_over_png_1862146590
1;anifire.player.components.PlayerProgressBar__embed_mxml__styles_images_player_loading_loading_track_png_116277666
105;com.jumpeye.flashEff2.symbol.badTransmission.FESBadTransmission
274;anifire.player.components.PlayerWatermark__embed_mxml__styles_images_player_stage_watermark_free_trial_swf_207218482_dataClass
286;anifire.player.sceneTransitions.AnimateTransition_TransWipeHand
101;com.jumpeye.flashEff2.text.chasingWords.FETChasingWords
48;com.jumpeye.flashEff2.symbol.desertIllusion.FESDesertIllusion
146;com.jumpeye.flashEff2.text.twilight.FETTwilight_lightBeam
287;anifire.player.assetTransitions.views.AssetPopSpriteTransitionView_SingleRingEnterImage_dataClass
80;com.jumpeye.flashEff2.text.dynamicCurve.FETDynamicCurve
84;com.jumpeye.flashEff2.text.lineBurnAndFlow.FETLineBurnAndFlow
92;com.jumpeye.flashEff2.text.horizontalGrow.FETHorizontalGrow
166;anifire.player.assetTransitions.views.AssetPopSpriteTransitionView_SingleRingEnterImage
95;com.jumpeye.flashEff2.text.spiral.FETSpiral
166;anifire.player.assetTransitions.views.AssetPopSpriteTransitionView_SingleRingExitImage
139;anifire.effect.DRAlertEffect__myThumbnailSymbol
77;com.jumpeye.flashEff2.text.blur.FETBlur
288;anifire.player.components.PlayerEndScreen__embed_mxml__styles_images_player_end_screen_img_credit_screen_png_421479420
176;anifire.cc.view.CcComponent_GoColorMapShaderClass
50;com.jumpeye.flashEff2.text.flip.FETFlip
49;com.jumpeye.flashEff2.text.glowingGroup.FETGlowingGroup
154;anifire.effect.Firework__effectObject
290;anifire.component.timeFrameSynchronizer__embed_mxml_timeFrameSynchronizer_24_swf_597725466_dataClass
289;anifire.player.assetTransitions.views.AssetPopSpriteTransitionView_SingleRingExitImage_dataClass
291;anifire.player.skins.BigReplayButtonSkin__embed_mxml__styles_images_player_end_screen_replay_init_swf_993355938_dataClass
158;anifire.bubble.CloudBubble_cloudSymbol
100;com.jumpeye.flashEff2.text.scrollSlide.FETScrollSlideGlow
293;anifire.player.skins.MuteToggleButtonSkin__embed_mxml__styles_images_player_control_bar_btn_mute_over_png_1694082526
292;anifire.player.assetTransitions.views.AssetPopSpriteTransitionView_RingsEnterImage_dataClass
126;anifire.effect.FadingEffect__myThumbnailSymbol_in
163;anifire.bubble.HeartBubble_heartSymbol
28;com.jumpeye.flashEff2.text.creation.FETCreation
319;anifire.player.sceneTransitions.AnimateTransition_TransCleanBrush
81;com.jumpeye.flashEff2.text.wavingLines.FETWavingLines
320;anifire.player.components.PlayerWatermark__embed_mxml__styles_images_player_stage_watermark_fullScreen_swf_140049762_dataClass
166;anifire.player.components.PlayerWatermark__embed_mxml__styles_images_player_stage_watermark_g4s_swf_1974057250
71;com.jumpeye.flashEff2.symbol.intersectingStripes.FESIntersectingStripes
97;com.jumpeye.flashEff2.text.fe3D.camMatrix.FET3DCamMatrix
321;anifire.player.skins.PlayToggleButtonSkin__embed_mxml__styles_images_player_control_bar_btn_play_init_png_1709286820
166;anifire.player.components.PlayerWatermark__embed_mxml__styles_images_player_stage_watermark_2lines_swf_1703712638
166;anifire.effect.ZoomEffect_iconBlue
